<?xml version="1.0" encoding="UTF-8"?>
<project-private xmlns="http://www.netbeans.org/ns/project-private/1">
    <editor-bookmarks xmlns="http://www.netbeans.org/ns/editor-bookmarks/2" lastBookmarkId="0"/>
    <open-files xmlns="http://www.netbeans.org/ns/projectui-open-files/2">
        <group>
            <file>file:/C:/Users/Vitor/Documents/GitHub/WebPJ02/src/java/progweb/projeto/Editar.java</file>
            <file>file:/C:/Users/Vitor/Documents/GitHub/WebPJ02/src/java/progweb/projeto/Postagem.java</file>
            <file>file:/C:/Users/Vitor/Documents/GitHub/WebPJ02/src/java/progweb/projeto/Logout.java</file>
            <file>file:/C:/Users/Vitor/Documents/GitHub/WebPJ02/src/java/progweb/projeto/Cadastro.java</file>
            <file>file:/C:/Users/Vitor/Documents/GitHub/WebPJ02/src/java/progweb/projeto/Postar.java</file>
            <file>file:/C:/Users/Vitor/Documents/GitHub/WebPJ02/src/java/progweb/projeto/download.java</file>
            <file>file:/C:/Users/Vitor/Documents/GitHub/WebPJ02/src/java/progweb/projeto/Login.java</file>
            <file>file:/C:/Users/Vitor/Documents/GitHub/WebPJ02/web/cadastro.html</file>
            <file>file:/C:/Users/Vitor/Documents/GitHub/WebPJ02/web/index.jsp</file>
            <file>file:/C:/Users/Vitor/Documents/GitHub/WebPJ02/web/content/estilo.css</file>
            <file>file:/C:/Users/Vitor/Documents/GitHub/WebPJ02/src/java/progweb/projeto/Blog.java</file>
        </group>
    </open-files>
</project-private>
